{"username": "aixa", "user_id": 2, "created_at": 1760303537.891262, "last_activity": 1760303537.8912625}