{"username": "forsythe", "user_id": 1, "created_at": 1760303486.8202531, "last_activity": 1760303486.8202536}