{"username": "forsythe", "user_id": 1, "created_at": 1760280228.9744234, "last_activity": 1760280228.9744241}