{"username": "forsythe", "user_id": 1, "created_at": 1760279565.0012984, "last_activity": 1760279565.001299}